indicatorId,geoUnit,year,value,qualifier,magnitude
MATH.PRIMARY,ALB,2019,61.75175642116626,,
MATH.PRIMARY,ALB,2023,68.33000000000001,,
MATH.PRIMARY,ARE,2011,35.00931477096746,,
MATH.PRIMARY,ARE,2015,42.47980492894305,,
MATH.PRIMARY,ARE,2019,53.41598241707761,,
MATH.PRIMARY,ARE,2023,60.2,,
MATH.PRIMARY,ARG,2006,48.59999999999999,,
MATH.PRIMARY,ARG,2013,20.7,,
MATH.PRIMARY,ARG,2019,13.1,,
MATH.PRIMARY,ARM,2003,42.74586308379887,,
MATH.PRIMARY,ARM,2007,59.9958138702788,,
MATH.PRIMARY,ARM,2011,40.91932605084993,,
MATH.PRIMARY,ARM,2015,54.56382307948197,,
MATH.PRIMARY,ARM,2019,64.34171420315991,,
MATH.PRIMARY,ARM,2023,72.27,,
MATH.PRIMARY,AUS,2003,64.8630530260808,,
MATH.PRIMARY,AUS,2007,60.78500978459682,,
MATH.PRIMARY,AUS,2011,62.94128635218912,,
MATH.PRIMARY,AUS,2015,64.43291417144172,,
MATH.PRIMARY,AUS,2019,67.95150231578201,,
MATH.PRIMARY,AUS,2023,64.1,,
MATH.PRIMARY,AUT,2007,68.8972658429082,,
MATH.PRIMARY,AUT,2011,70.43404850706776,,
MATH.PRIMARY,AUT,2019,83.55019014998616,,
MATH.PRIMARY,AZE,2011,46.41993943742233,,
MATH.PRIMARY,AZE,2019,71.74673648850059,,
MATH.PRIMARY,AZE,2023,60.77,,
MATH.PRIMARY,BDI,2014,39.9,,
MATH.PRIMARY,BDI,2019,18,,
MATH.PRIMARY,BEL,2003,90.01700919388914,,
MATH.PRIMARY,BEL,2011,89.23521796143706,,
MATH.PRIMARY,BEL,2015,87.87937141497613,,
MATH.PRIMARY,BEL,2019,80.14717124423431,,
MATH.PRIMARY,BEL,2023,73.06,,
MATH.PRIMARY,BEN,2014,10.8,,
MATH.PRIMARY,BEN,2019,19.1,,
MATH.PRIMARY,BFA,2014,21.9,,
MATH.PRIMARY,BFA,2019,25,,
MATH.PRIMARY,BGR,2015,75.1170647254078,,
MATH.PRIMARY,BGR,2019,70.8579967692463,,
MATH.PRIMARY,BGR,2023,74.25,,
MATH.PRIMARY,BHR,2011,33.8327657063392,,
MATH.PRIMARY,BHR,2015,39.9338284933619,,
MATH.PRIMARY,BHR,2019,54.17750655915576,,
MATH.PRIMARY,BHR,2023,45.48,,
MATH.PRIMARY,BIH,2019,39.55166801770545,,
MATH.PRIMARY,BIH,2023,37.59,,
MATH.PRIMARY,BOL,2017,7.7,,
MATH.PRIMARY,BRA,2006,40.45,,
MATH.PRIMARY,BRA,2013,16.6,,
MATH.PRIMARY,BRA,2019,28.8,,
MATH.PRIMARY,BWA,2006,16.5,,
MATH.PRIMARY,BWA,2013,36.6,,
MATH.PRIMARY,CAN,2015,69.4359086926293,,
MATH.PRIMARY,CAN,2019,68.7205556070746,,
MATH.PRIMARY,CAN,2023,64.67999999999999,,
MATH.PRIMARY,CHL,2006,50.91,,
MATH.PRIMARY,CHL,2013,44.3,,
MATH.PRIMARY,CIV,2014,3.1,,
MATH.PRIMARY,CIV,2019,2.6,,
MATH.PRIMARY,CMR,2014,11.8,,
MATH.PRIMARY,CMR,2019,11.1,,
MATH.PRIMARY,COD,2019,3.2,,
MATH.PRIMARY,COG,2014,5.9,,
MATH.PRIMARY,COG,2019,7.7,,
MATH.PRIMARY,COK,2021,62.91999999999999,,
MATH.PRIMARY,COL,2006,38.06,,
MATH.PRIMARY,COL,2013,15.4,,
MATH.PRIMARY,COL,2019,16.6,,
MATH.PRIMARY,CRI,2006,62.65000000000001,,
MATH.PRIMARY,CRI,2013,21.2,,
MATH.PRIMARY,CRI,2019,20.9,,
MATH.PRIMARY,CUB,2019,20.7,,
MATH.PRIMARY,CYP,2003,67.61257117921863,,
MATH.PRIMARY,CYP,2015,73.75824404650177,,
MATH.PRIMARY,CYP,2019,76.91920305072213,,
MATH.PRIMARY,CYP,2023,70.96,,
MATH.PRIMARY,CZE,2007,58.56876710581152,,
MATH.PRIMARY,CZE,2011,71.79266035773877,,
MATH.PRIMARY,CZE,2015,78.41877323983356,,
MATH.PRIMARY,CZE,2019,78.42740731232398,,
MATH.PRIMARY,CZE,2023,77.89,,
MATH.PRIMARY,DEU,2007,78.48816167487335,,
MATH.PRIMARY,DEU,2011,80.72361220539398,,
MATH.PRIMARY,DEU,2015,76.73477912788002,,
MATH.PRIMARY,DEU,2019,74.64572872396388,,
MATH.PRIMARY,DEU,2023,74.88,,
MATH.PRIMARY,DOM,2006,7.09,,
MATH.PRIMARY,DOM,2013,1.5,,
MATH.PRIMARY,DOM,2019,2.1,,
MATH.PRIMARY,DZA,2007,14.0670110851713,,
MATH.PRIMARY,ECU,2006,25.75,,
MATH.PRIMARY,ECU,2013,14.1,,
MATH.PRIMARY,ECU,2019,22.9,,
MATH.PRIMARY,ESP,2011,56.22464435192363,,
MATH.PRIMARY,ESP,2015,67.43360028842592,,
MATH.PRIMARY,ESP,2019,65.36399780840866,,
MATH.PRIMARY,ESP,2023,62.25000000000001,,
MATH.PRIMARY,FIN,2011,84.66515783794938,,
MATH.PRIMARY,FIN,2015,82.19812604067342,,
MATH.PRIMARY,FIN,2019,78.04992681951627,,
MATH.PRIMARY,FIN,2023,76.39,,
MATH.PRIMARY,FJI,2021,66.43,,
MATH.PRIMARY,FRA,2015,58.06874691239746,,
MATH.PRIMARY,FRA,2019,56.65545511620743,,
MATH.PRIMARY,FRA,2023,56.33,,
MATH.PRIMARY,FSM,2021,44.55,,
MATH.PRIMARY,GAB,2019,22.9,,
MATH.PRIMARY,GBR,2003,74.58884008393989,,
MATH.PRIMARY,GBR,2007,78.87907050821867,,
MATH.PRIMARY,GBR,2011,77.63047987723004,,
MATH.PRIMARY,GBR,2015,80.01890178215358,,
MATH.PRIMARY,GBR,2019,82.76576510125166,,
MATH.PRIMARY,GBR,2023,80.14,,
MATH.PRIMARY,GEO,2007,35.22814184875577,,
MATH.PRIMARY,GEO,2011,41.2560406874593,,
MATH.PRIMARY,GEO,2015,47.26422672877472,,
MATH.PRIMARY,GEO,2019,55.8179093196503,,
MATH.PRIMARY,GEO,2023,63.09,,
MATH.PRIMARY,GIN,2019,6.8,,
MATH.PRIMARY,"GPE: Overall FY24, all 90 countries, December 2024",2000,22.50883,UIS_EST,
MATH.PRIMARY,"GPE: Overall FY24, all 90 countries, December 2024",2001,22.31995,UIS_EST,
MATH.PRIMARY,"GPE: Overall FY24, all 90 countries, December 2024",2002,22.13107,UIS_EST,
MATH.PRIMARY,"GPE: Overall FY24, all 90 countries, December 2024",2003,21.94218,UIS_EST,
MATH.PRIMARY,"GPE: Overall FY24, all 90 countries, December 2024",2004,21.7533,UIS_EST,
MATH.PRIMARY,"GPE: Overall FY24, all 90 countries, December 2024",2005,21.56442,UIS_EST,
MATH.PRIMARY,"GPE: Overall FY24, all 90 countries, December 2024",2006,21.37554,UIS_EST,
MATH.PRIMARY,"GPE: Overall FY24, all 90 countries, December 2024",2007,21.18665,UIS_EST,
MATH.PRIMARY,"GPE: Overall FY24, all 90 countries, December 2024",2008,20.99777,UIS_EST,
MATH.PRIMARY,"GPE: Overall FY24, all 90 countries, December 2024",2009,20.80889,UIS_EST,
MATH.PRIMARY,"GPE: Overall FY24, all 90 countries, December 2024",2010,20.62001,UIS_EST,
MATH.PRIMARY,"GPE: Overall FY24, all 90 countries, December 2024",2011,20.43112,UIS_EST,
MATH.PRIMARY,"GPE: Overall FY24, all 90 countries, December 2024",2012,20.24224,UIS_EST,
MATH.PRIMARY,"GPE: Overall FY24, all 90 countries, December 2024",2013,20.05336,UIS_EST,
MATH.PRIMARY,"GPE: Overall FY24, all 90 countries, December 2024",2014,19.86448,UIS_EST,
MATH.PRIMARY,"GPE: Overall FY24, all 90 countries, December 2024",2015,19.67559,UIS_EST,
MATH.PRIMARY,"GPE: Overall FY24, all 90 countries, December 2024",2016,19.48671,UIS_EST,
MATH.PRIMARY,"GPE: Overall FY24, all 90 countries, December 2024",2017,19.29783,UIS_EST,
MATH.PRIMARY,"GPE: Overall FY24, all 90 countries, December 2024",2018,19.10895,UIS_EST,
MATH.PRIMARY,"GPE: Overall FY24, all 90 countries, December 2024",2019,18.92006,UIS_EST,
MATH.PRIMARY,GTM,2006,21.48,,
MATH.PRIMARY,GTM,2013,8.7,,
MATH.PRIMARY,GTM,2019,6.7,,
MATH.PRIMARY,HKG,2003,93.57886205076282,,
MATH.PRIMARY,HKG,2007,96.8204509211296,,
MATH.PRIMARY,HKG,2011,96.16563201826666,,
MATH.PRIMARY,HKG,2015,97.79838696157375,,
MATH.PRIMARY,HKG,2019,95.55636922624387,,
MATH.PRIMARY,HKG,2023,91,,
MATH.PRIMARY,HND,2013,6.7,,
MATH.PRIMARY,HND,2019,11.2,,
MATH.PRIMARY,HRV,2011,60.42025051605598,,
MATH.PRIMARY,HRV,2015,67.45962920131754,,
MATH.PRIMARY,HRV,2019,70.00588512384495,,
MATH.PRIMARY,HUN,2003,75.97319955485221,,
MATH.PRIMARY,HUN,2007,67.13620360937998,,
MATH.PRIMARY,HUN,2011,70.3894203159257,,
MATH.PRIMARY,HUN,2015,74.91240402984005,,
MATH.PRIMARY,HUN,2019,73.63839515824803,,
MATH.PRIMARY,HUN,2023,70.89999999999999,,
MATH.PRIMARY,IDN,2015,17.53670905908195,,
MATH.PRIMARY,IRN,2003,16.56550716223953,,
MATH.PRIMARY,IRN,2007,19.99404666944062,,
MATH.PRIMARY,IRN,2011,33.21681682939265,,
MATH.PRIMARY,IRN,2015,32.73412274478652,,
MATH.PRIMARY,IRN,2019,38.87119494603301,,
MATH.PRIMARY,IRN,2023,31.16,,
MATH.PRIMARY,ITA,2003,64.64685612231551,,
MATH.PRIMARY,ITA,2007,67.272510482609,,
MATH.PRIMARY,ITA,2011,68.7333808322442,,
MATH.PRIMARY,ITA,2015,68.6788491366287,,
MATH.PRIMARY,ITA,2019,72.96109964470728,,
MATH.PRIMARY,ITA,2023,69.21,,
MATH.PRIMARY,JOR,2023,32.17,,
MATH.PRIMARY,KAZ,2007,81.08917897102386,,
MATH.PRIMARY,KAZ,2011,61.76095750796917,,
MATH.PRIMARY,KAZ,2015,79.67441289175513,,
MATH.PRIMARY,KAZ,2019,70.81777598469205,,
MATH.PRIMARY,KAZ,2023,56.48999999999999,,
MATH.PRIMARY,KEN,2019,79.7,,
MATH.PRIMARY,KEN,2021,74.1,,
MATH.PRIMARY,KEN,2023,36.9,,
MATH.PRIMARY,KHM,2019,18,,
MATH.PRIMARY,KIR,2021,53.12,,
MATH.PRIMARY,KOR,2011,96.6250624829496,,
MATH.PRIMARY,KOR,2015,96.85165718485432,,
MATH.PRIMARY,KOR,2019,95.18190003885059,,
MATH.PRIMARY,KOR,2023,93.42,,
MATH.PRIMARY,KWT,2007,4.898847913506488,,
MATH.PRIMARY,KWT,2011,9.029641657123726,,
MATH.PRIMARY,KWT,2015,11.73821157256235,,
MATH.PRIMARY,KWT,2019,21.46561763075422,,
MATH.PRIMARY,KWT,2023,22.05,,
MATH.PRIMARY,LAO,2019,7.9,,
MATH.PRIMARY,LSO,2006,5.3,,
MATH.PRIMARY,LSO,2013,9.5,,
MATH.PRIMARY,LSO,2023,19.7,,
MATH.PRIMARY,LTU,2003,78.93037732090772,,
MATH.PRIMARY,LTU,2007,77.32813942479001,,
MATH.PRIMARY,LTU,2011,79.0795469028904,,
MATH.PRIMARY,LTU,2015,80.65363326421055,,
MATH.PRIMARY,LTU,2019,81.42223093161361,,
MATH.PRIMARY,LTU,2023,86.55,,
MATH.PRIMARY,LVA,2003,80.84263157715341,,
MATH.PRIMARY,LVA,2007,80.6736069345277,,
MATH.PRIMARY,LVA,2019,84.50321484900918,,
MATH.PRIMARY,LVA,2023,78.00999999999999,,
MATH.PRIMARY,MAC,2023,90.34,,
MATH.PRIMARY,MAR,2003,8.129262334424066,,
MATH.PRIMARY,MAR,2007,8.557553431262598,,
MATH.PRIMARY,MAR,2011,9.597165369110375,,
MATH.PRIMARY,MAR,2015,15.68734872180166,,
MATH.PRIMARY,MAR,2019,18.46390147425312,,
MATH.PRIMARY,MAR,2023,21.68,,
MATH.PRIMARY,MDA,2003,65.75610958057291,,
MATH.PRIMARY,MDG,2015,4.7,,
MATH.PRIMARY,MDG,2019,6.3,,
MATH.PRIMARY,MEX,2006,58.7,,
MATH.PRIMARY,MEX,2013,44.7,,
MATH.PRIMARY,MEX,2019,38,,
MATH.PRIMARY,MHL,2021,38.13,,
MATH.PRIMARY,MKD,2019,51.53475387487079,,
MATH.PRIMARY,MKD,2023,51.04,,
MATH.PRIMARY,MLT,2011,63.12836334990752,,
MATH.PRIMARY,MLT,2019,69.07995403657425,,
MATH.PRIMARY,MMR,2019,12,,
MATH.PRIMARY,MNE,2019,42.99140995226284,,
MATH.PRIMARY,MNE,2023,53.35,,
MATH.PRIMARY,MNG,2007,33.9374652314216,,
MATH.PRIMARY,MOZ,2006,5,,
MATH.PRIMARY,MOZ,2013,15.2,,
MATH.PRIMARY,MUS,2006,55.3,,
MATH.PRIMARY,MUS,2013,59,,
MATH.PRIMARY,MWI,2006,1.7,,
MATH.PRIMARY,MWI,2013,4.1,,
MATH.PRIMARY,MYS,2019,64,,
MATH.PRIMARY,NAM,2006,6.199999999999999,,
MATH.PRIMARY,NAM,2013,17.4,,
MATH.PRIMARY,NER,2014,1.4,,
MATH.PRIMARY,NER,2019,7.9,,
MATH.PRIMARY,NIC,2006,21.17,,
MATH.PRIMARY,NIC,2013,2.9,,
MATH.PRIMARY,NIC,2019,3.1,,
MATH.PRIMARY,NIU,2021,81.94999999999999,,
MATH.PRIMARY,NLD,2003,88.71705372094875,,
MATH.PRIMARY,NLD,2007,83.78019955827551,,
MATH.PRIMARY,NLD,2011,88.42680291167748,,
MATH.PRIMARY,NLD,2015,82.98219759201675,,
MATH.PRIMARY,NLD,2019,84.10747994238922,,
MATH.PRIMARY,NLD,2023,83.11,,
MATH.PRIMARY,NOR,2003,43.99862443734636,,
MATH.PRIMARY,NOR,2007,48.33251722054639,,
MATH.PRIMARY,NOR,2011,51.35731627643724,,
MATH.PRIMARY,NOR,2015,70.3646975100414,,
MATH.PRIMARY,NOR,2019,64.65546421091803,,
MATH.PRIMARY,NOR,2023,62.73,,
MATH.PRIMARY,NZL,2003,60.99409230420817,,
MATH.PRIMARY,NZL,2007,60.52023400676571,,
MATH.PRIMARY,NZL,2011,58.03128003552253,,
MATH.PRIMARY,NZL,2015,58.64665871163061,,
MATH.PRIMARY,NZL,2019,55.89093535729589,,
MATH.PRIMARY,NZL,2023,56.72,,
MATH.PRIMARY,OMN,2011,20.28378529421658,,
MATH.PRIMARY,OMN,2015,32.11640169934955,,
MATH.PRIMARY,OMN,2019,33.09714048354954,,
MATH.PRIMARY,OMN,2023,29.24,,
MATH.PRIMARY,PAK,2019,7.508698900938044,,
MATH.PRIMARY,PAN,2006,19.97,,
MATH.PRIMARY,PAN,2013,4.3,,
MATH.PRIMARY,PAN,2019,3.3,,
MATH.PRIMARY,PER,2006,38.19,,
MATH.PRIMARY,PER,2013,22.7,,
MATH.PRIMARY,PER,2019,38.9,,
MATH.PRIMARY,PHL,2019,17,,
MATH.PRIMARY,PLW,2021,91.73,,
MATH.PRIMARY,PNG,2021,55.35,,
MATH.PRIMARY,POL,2011,55.6451242379906,,
MATH.PRIMARY,POL,2015,79.82845644994197,,
MATH.PRIMARY,POL,2019,73.21523171540558,,
MATH.PRIMARY,POL,2023,82.96,,
MATH.PRIMARY,PRT,2011,80.46899309196702,,
MATH.PRIMARY,PRT,2015,81.76297375652892,,
MATH.PRIMARY,PRT,2019,73.79873784999882,,
MATH.PRIMARY,PRT,2023,69.82,,
MATH.PRIMARY,PRY,2006,28.65,,
MATH.PRIMARY,PRY,2013,5.899999999999999,,
MATH.PRIMARY,PRY,2019,5.600000000000001,,
MATH.PRIMARY,QAT,2007,2.040486661869456,,
MATH.PRIMARY,QAT,2011,28.85225498814151,,
MATH.PRIMARY,QAT,2015,36.38834193307271,,
MATH.PRIMARY,QAT,2019,39.82293798362372,,
MATH.PRIMARY,QAT,2023,46.45999999999999,,
MATH.PRIMARY,ROU,2011,57.02512746729093,,
MATH.PRIMARY,ROU,2023,78.47,,
MATH.PRIMARY,RUS,2003,76.48347409636362,,
MATH.PRIMARY,RUS,2007,80.52884058327452,,
MATH.PRIMARY,RUS,2011,81.82249231636442,,
MATH.PRIMARY,RUS,2015,88.94080214696402,,
MATH.PRIMARY,RUS,2019,90.89230507977214,,
MATH.PRIMARY,SAU,2011,24.39449133418811,,
MATH.PRIMARY,SAU,2015,16.21136686470314,,
MATH.PRIMARY,SAU,2019,23.10940347529687,,
MATH.PRIMARY,SAU,2023,28.83,,
MATH.PRIMARY,SDG: Europe and Northern America,2000,71.70074,UIS_EST,
MATH.PRIMARY,SDG: Europe and Northern America,2001,71.99553,UIS_EST,
MATH.PRIMARY,SDG: Europe and Northern America,2002,72.29032,UIS_EST,
MATH.PRIMARY,SDG: Europe and Northern America,2003,72.58511,UIS_EST,
MATH.PRIMARY,SDG: Europe and Northern America,2004,72.87991,UIS_EST,
MATH.PRIMARY,SDG: Europe and Northern America,2005,73.17471,UIS_EST,
MATH.PRIMARY,SDG: Europe and Northern America,2006,73.4695,UIS_EST,
MATH.PRIMARY,SDG: Europe and Northern America,2007,73.76429,UIS_EST,
MATH.PRIMARY,SDG: Europe and Northern America,2008,74.05909,UIS_EST,
MATH.PRIMARY,SDG: Europe and Northern America,2009,74.35388,UIS_EST,
MATH.PRIMARY,SDG: Europe and Northern America,2010,74.64867,UIS_EST,
MATH.PRIMARY,SDG: Europe and Northern America,2011,74.94347,UIS_EST,
MATH.PRIMARY,SDG: Europe and Northern America,2012,75.23827,UIS_EST,
MATH.PRIMARY,SDG: Europe and Northern America,2013,75.53306,UIS_EST,
MATH.PRIMARY,SDG: Europe and Northern America,2014,75.82785,UIS_EST,
MATH.PRIMARY,SDG: Europe and Northern America,2015,76.12265,UIS_EST,
MATH.PRIMARY,SDG: Europe and Northern America,2016,76.41744,UIS_EST,
MATH.PRIMARY,SDG: Europe and Northern America,2017,76.71223,UIS_EST,
MATH.PRIMARY,SDG: Europe and Northern America,2018,77.00703,UIS_EST,
MATH.PRIMARY,SDG: Europe and Northern America,2019,77.30183,UIS_EST,
MATH.PRIMARY,SDG: Latin America and the Caribbean,2000,51.24175,UIS_EST,
MATH.PRIMARY,SDG: Latin America and the Caribbean,2001,50.41825,UIS_EST,
MATH.PRIMARY,SDG: Latin America and the Caribbean,2002,49.59475,UIS_EST,
MATH.PRIMARY,SDG: Latin America and the Caribbean,2003,48.77124,UIS_EST,
MATH.PRIMARY,SDG: Latin America and the Caribbean,2004,47.94774,UIS_EST,
MATH.PRIMARY,SDG: Latin America and the Caribbean,2005,47.12424,UIS_EST,
MATH.PRIMARY,SDG: Latin America and the Caribbean,2006,46.30074,UIS_EST,
MATH.PRIMARY,SDG: Latin America and the Caribbean,2007,45.47723,UIS_EST,
MATH.PRIMARY,SDG: Latin America and the Caribbean,2008,44.65373,UIS_EST,
MATH.PRIMARY,SDG: Latin America and the Caribbean,2009,43.83023,UIS_EST,
MATH.PRIMARY,SDG: Latin America and the Caribbean,2010,43.00673,UIS_EST,
MATH.PRIMARY,SDG: Latin America and the Caribbean,2011,42.18322,UIS_EST,
MATH.PRIMARY,SDG: Latin America and the Caribbean,2012,41.35972,UIS_EST,
MATH.PRIMARY,SDG: Latin America and the Caribbean,2013,40.53622,UIS_EST,
MATH.PRIMARY,SDG: Latin America and the Caribbean,2014,39.71272,UIS_EST,
MATH.PRIMARY,SDG: Latin America and the Caribbean,2015,38.88922,UIS_EST,
MATH.PRIMARY,SDG: Latin America and the Caribbean,2016,38.06571,UIS_EST,
MATH.PRIMARY,SDG: Latin America and the Caribbean,2017,37.24221,UIS_EST,
MATH.PRIMARY,SDG: Latin America and the Caribbean,2018,36.41871,UIS_EST,
MATH.PRIMARY,SDG: Latin America and the Caribbean,2019,35.59521,UIS_EST,
MATH.PRIMARY,SDG: Northern Africa and Western Asia,2000,24.79222,UIS_EST,
MATH.PRIMARY,SDG: Northern Africa and Western Asia,2001,25.18984,UIS_EST,
MATH.PRIMARY,SDG: Northern Africa and Western Asia,2002,25.58747,UIS_EST,
MATH.PRIMARY,SDG: Northern Africa and Western Asia,2003,25.9851,UIS_EST,
MATH.PRIMARY,SDG: Northern Africa and Western Asia,2004,26.38273,UIS_EST,
MATH.PRIMARY,SDG: Northern Africa and Western Asia,2005,26.78036,UIS_EST,
MATH.PRIMARY,SDG: Northern Africa and Western Asia,2006,27.17799,UIS_EST,
MATH.PRIMARY,SDG: Northern Africa and Western Asia,2007,27.57561,UIS_EST,
MATH.PRIMARY,SDG: Northern Africa and Western Asia,2008,27.97324,UIS_EST,
MATH.PRIMARY,SDG: Northern Africa and Western Asia,2009,28.37087,UIS_EST,
MATH.PRIMARY,SDG: Northern Africa and Western Asia,2010,28.7685,UIS_EST,
MATH.PRIMARY,SDG: Northern Africa and Western Asia,2011,29.16613,UIS_EST,
MATH.PRIMARY,SDG: Northern Africa and Western Asia,2012,29.56376,UIS_EST,
MATH.PRIMARY,SDG: Northern Africa and Western Asia,2013,29.96139,UIS_EST,
MATH.PRIMARY,SDG: Northern Africa and Western Asia,2014,30.35902,UIS_EST,
MATH.PRIMARY,SDG: Northern Africa and Western Asia,2015,30.75664,UIS_EST,
MATH.PRIMARY,SDG: Northern Africa and Western Asia,2016,31.15427,UIS_EST,
MATH.PRIMARY,SDG: Northern Africa and Western Asia,2017,31.5519,UIS_EST,
MATH.PRIMARY,SDG: Northern Africa and Western Asia,2018,31.94953,UIS_EST,
MATH.PRIMARY,SDG: Northern Africa and Western Asia,2019,32.34716,UIS_EST,
MATH.PRIMARY,SDG: Oceania,2000,61.73769,UIS_EST,
MATH.PRIMARY,SDG: Oceania,2001,61.87788,UIS_EST,
MATH.PRIMARY,SDG: Oceania,2002,62.01807,UIS_EST,
MATH.PRIMARY,SDG: Oceania,2003,62.15825,UIS_EST,
MATH.PRIMARY,SDG: Oceania,2004,62.29844,UIS_EST,
MATH.PRIMARY,SDG: Oceania,2005,62.43863,UIS_EST,
MATH.PRIMARY,SDG: Oceania,2006,62.57882,UIS_EST,
MATH.PRIMARY,SDG: Oceania,2007,62.71901,UIS_EST,
MATH.PRIMARY,SDG: Oceania,2008,62.8592,UIS_EST,
MATH.PRIMARY,SDG: Oceania,2009,62.99939,UIS_EST,
MATH.PRIMARY,SDG: Oceania,2010,63.13958,UIS_EST,
MATH.PRIMARY,SDG: Oceania,2011,63.27977,UIS_EST,
MATH.PRIMARY,SDG: Oceania,2012,63.41996,UIS_EST,
MATH.PRIMARY,SDG: Oceania,2013,63.56015,UIS_EST,
MATH.PRIMARY,SDG: Oceania,2014,63.70034,UIS_EST,
MATH.PRIMARY,SDG: Oceania,2015,63.84053,UIS_EST,
MATH.PRIMARY,SDG: Oceania,2016,63.98072,UIS_EST,
MATH.PRIMARY,SDG: Oceania,2017,64.1209,UIS_EST,
MATH.PRIMARY,SDG: Oceania,2018,64.26109,UIS_EST,
MATH.PRIMARY,SDG: Oceania,2019,64.40128,UIS_EST,
MATH.PRIMARY,SDG: Sub-Saharan Africa,2000,15.62852,UIS_EST,
MATH.PRIMARY,SDG: Sub-Saharan Africa,2001,15.39268,UIS_EST,
MATH.PRIMARY,SDG: Sub-Saharan Africa,2002,15.15684,UIS_EST,
MATH.PRIMARY,SDG: Sub-Saharan Africa,2003,14.921,UIS_EST,
MATH.PRIMARY,SDG: Sub-Saharan Africa,2004,14.68517,UIS_EST,
MATH.PRIMARY,SDG: Sub-Saharan Africa,2005,14.44933,UIS_EST,
MATH.PRIMARY,SDG: Sub-Saharan Africa,2006,14.21349,UIS_EST,
MATH.PRIMARY,SDG: Sub-Saharan Africa,2007,13.97766,UIS_EST,
MATH.PRIMARY,SDG: Sub-Saharan Africa,2008,13.74182,UIS_EST,
MATH.PRIMARY,SDG: Sub-Saharan Africa,2009,13.50598,UIS_EST,
MATH.PRIMARY,SDG: Sub-Saharan Africa,2010,13.27015,UIS_EST,
MATH.PRIMARY,SDG: Sub-Saharan Africa,2011,13.03431,UIS_EST,
MATH.PRIMARY,SDG: Sub-Saharan Africa,2012,12.79847,UIS_EST,
MATH.PRIMARY,SDG: Sub-Saharan Africa,2013,12.56263,UIS_EST,
MATH.PRIMARY,SDG: Sub-Saharan Africa,2014,12.3268,UIS_EST,
MATH.PRIMARY,SDG: Sub-Saharan Africa,2015,12.09096,UIS_EST,
MATH.PRIMARY,SDG: Sub-Saharan Africa,2016,11.85512,UIS_EST,
MATH.PRIMARY,SDG: Sub-Saharan Africa,2017,11.61929,UIS_EST,
MATH.PRIMARY,SDG: Sub-Saharan Africa,2018,11.38345,UIS_EST,
MATH.PRIMARY,SDG: Sub-Saharan Africa,2019,11.14761,UIS_EST,
MATH.PRIMARY,SDG: World,2000,48.97526,UIS_EST,
MATH.PRIMARY,SDG: World,2001,48.72509,UIS_EST,
MATH.PRIMARY,SDG: World,2002,48.47491,UIS_EST,
MATH.PRIMARY,SDG: World,2003,48.22474,UIS_EST,
MATH.PRIMARY,SDG: World,2004,47.97456,UIS_EST,
MATH.PRIMARY,SDG: World,2005,47.72438,UIS_EST,
MATH.PRIMARY,SDG: World,2006,47.47421,UIS_EST,
MATH.PRIMARY,SDG: World,2007,47.22404,UIS_EST,
MATH.PRIMARY,SDG: World,2008,46.97386,UIS_EST,
MATH.PRIMARY,SDG: World,2009,46.72369,UIS_EST,
MATH.PRIMARY,SDG: World,2010,46.47351,UIS_EST,
MATH.PRIMARY,SDG: World,2011,46.22334,UIS_EST,
MATH.PRIMARY,SDG: World,2012,45.97316,UIS_EST,
MATH.PRIMARY,SDG: World,2013,45.72298,UIS_EST,
MATH.PRIMARY,SDG: World,2014,45.47281,UIS_EST,
MATH.PRIMARY,SDG: World,2015,45.22264,UIS_EST,
MATH.PRIMARY,SDG: World,2016,44.97246,UIS_EST,
MATH.PRIMARY,SDG: World,2017,44.72229,UIS_EST,
MATH.PRIMARY,SDG: World,2018,44.47211,UIS_EST,
MATH.PRIMARY,SDG: World,2019,44.22194,UIS_EST,
MATH.PRIMARY,SEN,2014,29.1,,
MATH.PRIMARY,SEN,2019,27.2,,
MATH.PRIMARY,SGP,2003,91.2044291674606,,
MATH.PRIMARY,SGP,2007,91.75430927821225,,
MATH.PRIMARY,SGP,2011,93.87353164518699,,
MATH.PRIMARY,SGP,2015,93.3919353576759,,
MATH.PRIMARY,SGP,2019,95.50691161431973,,
MATH.PRIMARY,SGP,2023,92.69,,
MATH.PRIMARY,SLB,2021,86.35,,
MATH.PRIMARY,SLV,2006,27.25876862863164,,
MATH.PRIMARY,SLV,2019,7.6,,
MATH.PRIMARY,SRB,2011,69.72543769761864,,
MATH.PRIMARY,SRB,2015,71.6454261266816,,
MATH.PRIMARY,SRB,2019,67.94842643524777,,
MATH.PRIMARY,SRB,2023,73.78,,
MATH.PRIMARY,SVK,2007,63.16604723454578,,
MATH.PRIMARY,SVK,2011,68.79612381483655,,
MATH.PRIMARY,SVK,2015,65.03987613486183,,
MATH.PRIMARY,SVK,2019,71.2003617257711,,
MATH.PRIMARY,SVK,2023,72.99,,
MATH.PRIMARY,SVN,2003,54.66023559543139,,
MATH.PRIMARY,SVN,2007,66.63961858973128,,
MATH.PRIMARY,SVN,2011,72.04480433166616,,
MATH.PRIMARY,SVN,2015,75.48252237258751,,
MATH.PRIMARY,SVN,2023,70.8,,
MATH.PRIMARY,SWE,2007,67.58782441950913,,
MATH.PRIMARY,SWE,2011,68.51664016683863,,
MATH.PRIMARY,SWE,2015,74.90515585526164,,
MATH.PRIMARY,SWE,2019,74.3792630385952,,
MATH.PRIMARY,SWE,2023,76.89,,
MATH.PRIMARY,SWZ,2006,18.6,,
MATH.PRIMARY,SWZ,2013,37.4,,
MATH.PRIMARY,SYC,2006,31.3,,
MATH.PRIMARY,SYC,2013,52.4,,
MATH.PRIMARY,TCD,2014,3,,
MATH.PRIMARY,TCD,2019,1.8,,
MATH.PRIMARY,TGO,2014,19.7,,
MATH.PRIMARY,TGO,2019,15.9,,
MATH.PRIMARY,THA,2011,43.4057224122588,,
MATH.PRIMARY,TKL,2021,66.64999999999999,,
MATH.PRIMARY,TON,2021,75.26,,
MATH.PRIMARY,TUN,2003,8.938461795912694,,
MATH.PRIMARY,TUN,2007,8.802058900692469,,
MATH.PRIMARY,TUN,2011,11.28824370435682,,
MATH.PRIMARY,TUR,2011,51.02145755179773,,
MATH.PRIMARY,TUR,2015,57.09063054998747,,
MATH.PRIMARY,TUR,2019,70.42283735090412,,
MATH.PRIMARY,TUR,2023,78.64,,
MATH.PRIMARY,TUV,2021,54.67,,
MATH.PRIMARY,TZA,2006,31.5,,
MATH.PRIMARY,TZA,2013,8.1,,
MATH.PRIMARY,UGA,2006,7.1,,
MATH.PRIMARY,UGA,2013,20.7,,
MATH.PRIMARY,UKR,2007,50.1730573192561,,
MATH.PRIMARY,URY,2006,72.72,,
MATH.PRIMARY,URY,2013,37.5,,
MATH.PRIMARY,URY,2019,38,,
MATH.PRIMARY,USA,2003,71.65905898519287,,
MATH.PRIMARY,USA,2007,76.74421976287195,,
MATH.PRIMARY,USA,2011,80.97027825341776,,
MATH.PRIMARY,USA,2015,78.6484698747518,,
MATH.PRIMARY,USA,2019,76.57600521499123,,
MATH.PRIMARY,USA,2023,67.84,,
MATH.PRIMARY,UZB,2023,34.95999999999999,,
MATH.PRIMARY,VNM,2019,91,,
MATH.PRIMARY,WB: High income (July 2025),2000,69.20924,UIS_EST,
MATH.PRIMARY,WB: High income (July 2025),2001,69.35846,UIS_EST,
MATH.PRIMARY,WB: High income (July 2025),2002,69.50768,UIS_EST,
MATH.PRIMARY,WB: High income (July 2025),2003,69.65691,UIS_EST,
MATH.PRIMARY,WB: High income (July 2025),2004,69.80613,UIS_EST,
MATH.PRIMARY,WB: High income (July 2025),2005,69.95535,UIS_EST,
MATH.PRIMARY,WB: High income (July 2025),2006,70.10458,UIS_EST,
MATH.PRIMARY,WB: High income (July 2025),2007,70.2538,UIS_EST,
MATH.PRIMARY,WB: High income (July 2025),2008,70.40302,UIS_EST,
MATH.PRIMARY,WB: High income (July 2025),2009,70.55225,UIS_EST,
MATH.PRIMARY,WB: High income (July 2025),2010,70.70147,UIS_EST,
MATH.PRIMARY,WB: High income (July 2025),2011,70.85069,UIS_EST,
MATH.PRIMARY,WB: High income (July 2025),2012,70.99992,UIS_EST,
MATH.PRIMARY,WB: High income (July 2025),2013,71.14914,UIS_EST,
MATH.PRIMARY,WB: High income (July 2025),2014,71.29836,UIS_EST,
MATH.PRIMARY,WB: High income (July 2025),2015,71.44759,UIS_EST,
MATH.PRIMARY,WB: High income (July 2025),2016,71.59681,UIS_EST,
MATH.PRIMARY,WB: High income (July 2025),2017,71.74603,UIS_EST,
MATH.PRIMARY,WB: High income (July 2025),2018,71.89526,UIS_EST,
MATH.PRIMARY,WB: High income (July 2025),2019,72.04448,UIS_EST,
MATH.PRIMARY,WB: Low income (July 2025),2000,8.3217,UIS_EST,
MATH.PRIMARY,WB: Low income (July 2025),2001,8.406295,UIS_EST,
MATH.PRIMARY,WB: Low income (July 2025),2002,8.490891,UIS_EST,
MATH.PRIMARY,WB: Low income (July 2025),2003,8.575486,UIS_EST,
MATH.PRIMARY,WB: Low income (July 2025),2004,8.660082,UIS_EST,
MATH.PRIMARY,WB: Low income (July 2025),2005,8.744678,UIS_EST,
MATH.PRIMARY,WB: Low income (July 2025),2006,8.829273,UIS_EST,
MATH.PRIMARY,WB: Low income (July 2025),2007,8.913869,UIS_EST,
MATH.PRIMARY,WB: Low income (July 2025),2008,8.998465,UIS_EST,
MATH.PRIMARY,WB: Low income (July 2025),2009,9.08306,UIS_EST,
MATH.PRIMARY,WB: Low income (July 2025),2010,9.167656,UIS_EST,
MATH.PRIMARY,WB: Low income (July 2025),2011,9.252251,UIS_EST,
MATH.PRIMARY,WB: Low income (July 2025),2012,9.336846,UIS_EST,
MATH.PRIMARY,WB: Low income (July 2025),2013,9.421442,UIS_EST,
MATH.PRIMARY,WB: Low income (July 2025),2014,9.506038,UIS_EST,
MATH.PRIMARY,WB: Low income (July 2025),2015,9.590633,UIS_EST,
MATH.PRIMARY,WB: Low income (July 2025),2016,9.675229,UIS_EST,
MATH.PRIMARY,WB: Low income (July 2025),2017,9.759825,UIS_EST,
MATH.PRIMARY,WB: Low income (July 2025),2018,9.84442,UIS_EST,
MATH.PRIMARY,WB: Low income (July 2025),2019,9.929016,UIS_EST,
MATH.PRIMARY,WB: Upper middle income (July 2025),2000,55.54704,UIS_EST,
MATH.PRIMARY,WB: Upper middle income (July 2025),2001,55.06286,UIS_EST,
MATH.PRIMARY,WB: Upper middle income (July 2025),2002,54.57868,UIS_EST,
MATH.PRIMARY,WB: Upper middle income (July 2025),2003,54.0945,UIS_EST,
MATH.PRIMARY,WB: Upper middle income (July 2025),2004,53.61032,UIS_EST,
MATH.PRIMARY,WB: Upper middle income (July 2025),2005,53.12614,UIS_EST,
MATH.PRIMARY,WB: Upper middle income (July 2025),2006,52.64196,UIS_EST,
MATH.PRIMARY,WB: Upper middle income (July 2025),2007,52.15778,UIS_EST,
MATH.PRIMARY,WB: Upper middle income (July 2025),2008,51.6736,UIS_EST,
MATH.PRIMARY,WB: Upper middle income (July 2025),2009,51.18942,UIS_EST,
MATH.PRIMARY,WB: Upper middle income (July 2025),2010,50.70524,UIS_EST,
MATH.PRIMARY,WB: Upper middle income (July 2025),2011,50.22107,UIS_EST,
MATH.PRIMARY,WB: Upper middle income (July 2025),2012,49.73689,UIS_EST,
MATH.PRIMARY,WB: Upper middle income (July 2025),2013,49.2527,UIS_EST,
MATH.PRIMARY,WB: Upper middle income (July 2025),2014,48.76853,UIS_EST,
MATH.PRIMARY,WB: Upper middle income (July 2025),2015,48.28435,UIS_EST,
MATH.PRIMARY,WB: Upper middle income (July 2025),2016,47.80017,UIS_EST,
MATH.PRIMARY,WB: Upper middle income (July 2025),2017,47.31599,UIS_EST,
MATH.PRIMARY,WB: Upper middle income (July 2025),2018,46.83181,UIS_EST,
MATH.PRIMARY,WB: Upper middle income (July 2025),2019,46.34763,UIS_EST,
MATH.PRIMARY,YEM,2003,4.818329231741424,,
MATH.PRIMARY,YEM,2007,1.289279477367937,,
MATH.PRIMARY,YEM,2011,2.32530792728553,,
MATH.PRIMARY,ZAF,2006,15.5,,
MATH.PRIMARY,ZAF,2013,29.7,,
MATH.PRIMARY,ZMB,2016,3.5,,
MATH.PRIMARY,ZMB,2021,2.1,,
MATH.PRIMARY,ZMB,2023,16,,
MATH.PRIMARY,ZWE,2006,20.1,,
MATH.PRIMARY,ZWE,2013,23.4,,
READ.PRIMARY,ALB,2021,92.11940863897352,,
READ.PRIMARY,ARE,2011,63.98231244024914,,
READ.PRIMARY,ARE,2016,67.5712269651356,,
READ.PRIMARY,ARE,2021,75.02674897652544,,
READ.PRIMARY,ARG,2006,44.7,,
READ.PRIMARY,ARG,2013,32.5,,
READ.PRIMARY,ARG,2019,31.9,,
READ.PRIMARY,AUT,2006,97.62325849488383,,
READ.PRIMARY,AUT,2011,97.10411063768905,,
READ.PRIMARY,AUT,2016,97.58574004293224,,
READ.PRIMARY,AUT,2021,95.92334586122121,,
READ.PRIMARY,AZE,2011,81.85956821529548,,
READ.PRIMARY,AZE,2016,80.78632810865258,,
READ.PRIMARY,AZE,2021,67.43262085804564,,
READ.PRIMARY,BDI,2014,7.4,,
READ.PRIMARY,BDI,2019,4.5,,
READ.PRIMARY,BEL,2006,99.2168414983667,,
READ.PRIMARY,BEL,2016,97.41729460942544,,
READ.PRIMARY,BEL,2021,94.3109595542579,,
READ.PRIMARY,BEN,2014,22.7,,
READ.PRIMARY,BEN,2019,45.5,,
READ.PRIMARY,BFA,2014,21.4,,
READ.PRIMARY,BFA,2019,33,,
READ.PRIMARY,BGR,2001,95.04929657077342,,
READ.PRIMARY,BGR,2006,94.76472219545448,,
READ.PRIMARY,BGR,2011,93.04843864458603,,
READ.PRIMARY,BGR,2016,94.78671479043906,,
READ.PRIMARY,BGR,2021,92.87986674664508,,
READ.PRIMARY,BHR,2016,69.36833511412861,,
READ.PRIMARY,BHR,2021,71.18333292398408,,
READ.PRIMARY,BLZ,2001,25.21795462511478,,
READ.PRIMARY,BOL,2017,15.2,,
READ.PRIMARY,BRA,2006,49.93,,
READ.PRIMARY,BRA,2013,36.8,,
READ.PRIMARY,BRA,2019,43.5,,
READ.PRIMARY,BWA,2006,56.7,,
READ.PRIMARY,BWA,2013,68.5,,
READ.PRIMARY,CAN,2001,96.90735785861048,,
READ.PRIMARY,CAN,2011,97.75077833597067,,
READ.PRIMARY,CAN,2016,95.74039121832625,,
READ.PRIMARY,CAN,2021,98.77729086815624,,
READ.PRIMARY,CHL,2006,61.63,,
READ.PRIMARY,CHL,2013,58.40000000000001,,
READ.PRIMARY,CIV,2014,22.4,,
READ.PRIMARY,CIV,2019,22,,
READ.PRIMARY,CMR,2014,24.1,,
READ.PRIMARY,CMR,2019,30.2,,
READ.PRIMARY,COD,2019,9.2,,
READ.PRIMARY,COG,2014,17.1,,
READ.PRIMARY,COG,2019,33.6,,
READ.PRIMARY,COK,2021,74.66999999999999,,
READ.PRIMARY,COL,2006,48.2,,
READ.PRIMARY,COL,2013,38.7,,
READ.PRIMARY,COL,2019,37.5,,
READ.PRIMARY,CRI,2006,71.32,,
READ.PRIMARY,CRI,2013,49.6,,
READ.PRIMARY,CRI,2019,54,,
READ.PRIMARY,CUB,2019,44.5,,
READ.PRIMARY,CYP,2001,86.75684469582097,,
READ.PRIMARY,CYP,2021,91.79172042187001,,
READ.PRIMARY,CZE,2001,97.27002462992432,,
READ.PRIMARY,CZE,2011,98.25078991282771,,
READ.PRIMARY,CZE,2016,97.03947432902504,,
READ.PRIMARY,CZE,2021,96.01133325812364,,
READ.PRIMARY,DEU,2001,97.03418969748952,,
READ.PRIMARY,DEU,2006,97.40808776382393,,
READ.PRIMARY,DEU,2011,97.61059431401881,,
READ.PRIMARY,DEU,2016,94.50744628672335,,
READ.PRIMARY,DEU,2021,93.5873729906259,,
READ.PRIMARY,DOM,2006,10.58,,
READ.PRIMARY,DOM,2013,8,,
READ.PRIMARY,DOM,2019,16.4,,
READ.PRIMARY,ECU,2006,22.36,,
READ.PRIMARY,ECU,2013,23.7,,
READ.PRIMARY,ECU,2019,26.1,,
READ.PRIMARY,EGY,2021,44.5680390728667,,
READ.PRIMARY,ESP,2006,93.53760684562171,,
READ.PRIMARY,ESP,2011,93.87191571360151,,
READ.PRIMARY,ESP,2016,96.56865783091027,,
READ.PRIMARY,ESP,2021,95.23061120746739,,
READ.PRIMARY,FIN,2011,99.20121275044414,,
READ.PRIMARY,FIN,2016,98.2899335233376,,
READ.PRIMARY,FIN,2021,96.48309543767408,,
READ.PRIMARY,FJI,2021,59.55,,
READ.PRIMARY,FRA,2001,95.36404208408614,,
READ.PRIMARY,FRA,2006,95.9074176747116,,
READ.PRIMARY,FRA,2011,95.26911634286192,,
READ.PRIMARY,FRA,2016,93.71542314788208,,
READ.PRIMARY,FRA,2021,93.86260747026321,,
READ.PRIMARY,FSM,2021,39.19,,
READ.PRIMARY,GAB,2019,76.3,,
READ.PRIMARY,GBR,2001,94.48416702410529,,
READ.PRIMARY,GBR,2006,93.2499200785223,,
READ.PRIMARY,GBR,2011,95.3660569859835,,
READ.PRIMARY,GBR,2016,96.8334516814167,,
READ.PRIMARY,GBR,2021,97.03106261895587,,
READ.PRIMARY,GEO,2006,82.02211171294243,,
READ.PRIMARY,GEO,2011,86.48549232357352,,
READ.PRIMARY,GEO,2016,86.4763738517683,,
READ.PRIMARY,GEO,2021,87.15887397234371,,
READ.PRIMARY,GIN,2019,22.2,,
READ.PRIMARY,"GPE: Overall FY24, all 90 countries, December 2024",2000,41.70492,UIS_EST,
READ.PRIMARY,"GPE: Overall FY24, all 90 countries, December 2024",2001,41.66731,UIS_EST,
READ.PRIMARY,"GPE: Overall FY24, all 90 countries, December 2024",2002,41.6297,UIS_EST,
READ.PRIMARY,"GPE: Overall FY24, all 90 countries, December 2024",2003,41.59209,UIS_EST,
READ.PRIMARY,"GPE: Overall FY24, all 90 countries, December 2024",2004,41.55448,UIS_EST,
READ.PRIMARY,"GPE: Overall FY24, all 90 countries, December 2024",2005,41.51687,UIS_EST,
READ.PRIMARY,"GPE: Overall FY24, all 90 countries, December 2024",2006,41.47926,UIS_EST,
READ.PRIMARY,"GPE: Overall FY24, all 90 countries, December 2024",2007,41.44165,UIS_EST,
READ.PRIMARY,"GPE: Overall FY24, all 90 countries, December 2024",2008,41.40404,UIS_EST,
READ.PRIMARY,"GPE: Overall FY24, all 90 countries, December 2024",2009,41.36642,UIS_EST,
READ.PRIMARY,"GPE: Overall FY24, all 90 countries, December 2024",2010,41.32882,UIS_EST,
READ.PRIMARY,"GPE: Overall FY24, all 90 countries, December 2024",2011,41.29121,UIS_EST,
READ.PRIMARY,"GPE: Overall FY24, all 90 countries, December 2024",2012,41.25359,UIS_EST,
READ.PRIMARY,"GPE: Overall FY24, all 90 countries, December 2024",2013,41.21598,UIS_EST,
READ.PRIMARY,"GPE: Overall FY24, all 90 countries, December 2024",2014,41.17837,UIS_EST,
READ.PRIMARY,"GPE: Overall FY24, all 90 countries, December 2024",2015,41.14076,UIS_EST,
READ.PRIMARY,"GPE: Overall FY24, all 90 countries, December 2024",2016,41.10315,UIS_EST,
READ.PRIMARY,"GPE: Overall FY24, all 90 countries, December 2024",2017,41.06554,UIS_EST,
READ.PRIMARY,"GPE: Overall FY24, all 90 countries, December 2024",2018,41.02793,UIS_EST,
READ.PRIMARY,"GPE: Overall FY24, all 90 countries, December 2024",2019,40.99032,UIS_EST,
READ.PRIMARY,GRC,2001,94.50704494019024,,
READ.PRIMARY,GTM,2006,20.72,,
READ.PRIMARY,GTM,2013,19.4,,
READ.PRIMARY,GTM,2019,15.9,,
READ.PRIMARY,HKG,2001,96.62418592586148,,
READ.PRIMARY,HKG,2006,99.14615425783394,,
READ.PRIMARY,HKG,2011,99.18507727453897,,
READ.PRIMARY,HKG,2016,98.59609578784854,,
READ.PRIMARY,HKG,2021,98.27992167977827,,
READ.PRIMARY,HND,2013,15.8,,
READ.PRIMARY,HND,2019,16.2,,
READ.PRIMARY,HRV,2011,98.99943266507255,,
READ.PRIMARY,HRV,2021,98.07728209659024,,
READ.PRIMARY,HUN,2001,97.54714385318442,,
READ.PRIMARY,HUN,2006,97.43173005263694,,
READ.PRIMARY,HUN,2011,94.64100225314331,,
READ.PRIMARY,HUN,2016,97.138107219883,,
READ.PRIMARY,HUN,2021,94.13248955401393,,
READ.PRIMARY,IDN,2006,53.97707526119297,,
READ.PRIMARY,IDN,2011,66.22710233814504,,
READ.PRIMARY,IRN,2001,56.19721773033086,,
READ.PRIMARY,IRN,2006,59.8353118664932,,
READ.PRIMARY,IRN,2011,75.74360965714911,,
READ.PRIMARY,IRN,2016,65.9896398626954,,
READ.PRIMARY,IRN,2021,58.59795246135614,,
READ.PRIMARY,ISR,2001,86.61473064806049,,
READ.PRIMARY,ISR,2006,85.4865438104763,,
READ.PRIMARY,ISR,2011,93.1645025128393,,
READ.PRIMARY,ISR,2016,91.02270514875654,,
READ.PRIMARY,ISR,2021,87.9578925414396,,
READ.PRIMARY,ITA,2001,96.55671977314218,,
READ.PRIMARY,ITA,2006,98.19327515785237,,
READ.PRIMARY,ITA,2011,97.66477291461973,,
READ.PRIMARY,ITA,2016,97.86079645605442,,
READ.PRIMARY,ITA,2021,97.18265728499931,,
READ.PRIMARY,JOR,2021,46.63631455652169,,
READ.PRIMARY,KAZ,2016,98.09228533270016,,
READ.PRIMARY,KAZ,2021,90.69796499974373,,
READ.PRIMARY,KEN,2021,46.7,,
READ.PRIMARY,KEN,2023,25.5,,
READ.PRIMARY,KHM,2019,11,,
READ.PRIMARY,KIR,2021,13.75,,
READ.PRIMARY,KWT,2001,50.5903365559178,,
READ.PRIMARY,KWT,2006,28.16161981811872,,
READ.PRIMARY,KWT,2011,58.37115458404001,,
READ.PRIMARY,LAO,2019,2,,
READ.PRIMARY,LSO,2006,22,,
READ.PRIMARY,LSO,2013,48.5,,
READ.PRIMARY,LSO,2023,10.8,,
READ.PRIMARY,LTU,2001,98.01030486296199,,
READ.PRIMARY,LTU,2006,98.70484292061991,,
READ.PRIMARY,LTU,2011,96.53329207700745,,
READ.PRIMARY,LTU,2016,97.26507802500565,,
READ.PRIMARY,LTU,2021,97.11047574143343,,
READ.PRIMARY,LUX,2006,98.77214904123916,,
READ.PRIMARY,LVA,2001,98.54786821831846,,
READ.PRIMARY,LVA,2006,98.213781833993,,
READ.PRIMARY,LVA,2016,99.1967171423755,,
READ.PRIMARY,LVA,2021,94.28789822283323,,
READ.PRIMARY,MAC,2016,97.59758639617135,,
READ.PRIMARY,MAC,2021,95.91800112732223,,
READ.PRIMARY,MAR,2001,33.36832402535107,,
READ.PRIMARY,MAR,2006,25.74281430973187,,
READ.PRIMARY,MAR,2011,21.01225605771843,,
READ.PRIMARY,MAR,2016,33.12012573533697,,
READ.PRIMARY,MAR,2021,40.58303121084387,,
READ.PRIMARY,MDA,2001,88.49658511418708,,
READ.PRIMARY,MDA,2006,91.26234084943484,,
READ.PRIMARY,MDG,2015,4.2,,
READ.PRIMARY,MDG,2019,6.3,,
READ.PRIMARY,MEX,2006,54.14,,
READ.PRIMARY,MEX,2013,42.6,,
READ.PRIMARY,MEX,2019,41.7,,
READ.PRIMARY,MHL,2021,39.66,,
READ.PRIMARY,MKD,2001,66.6720265775025,,
READ.PRIMARY,MKD,2006,65.76236378350406,,
READ.PRIMARY,MKD,2021,69.95942421058191,,
READ.PRIMARY,MLT,2011,78.20120131271553,,
READ.PRIMARY,MLT,2016,73.1658133117453,,
READ.PRIMARY,MLT,2021,90.24300110125775,,
READ.PRIMARY,MMR,2019,11,,
READ.PRIMARY,MNE,2021,86.9081390821574,,
READ.PRIMARY,MOZ,2006,31.6,,
READ.PRIMARY,MOZ,2013,36.3,,
READ.PRIMARY,MUS,2006,66.80000000000001,,
READ.PRIMARY,MUS,2013,75.39999999999999,,
READ.PRIMARY,MWI,2006,6.799999999999999,,
READ.PRIMARY,MWI,2013,15.3,,
READ.PRIMARY,MYS,2019,58,,
READ.PRIMARY,NAM,2006,35.7,,
READ.PRIMARY,NAM,2013,61.2,,
READ.PRIMARY,NER,2014,2.1,,
READ.PRIMARY,NER,2019,14.4,,
READ.PRIMARY,NIC,2006,26.32,,
READ.PRIMARY,NIC,2013,14.6,,
READ.PRIMARY,NIC,2019,13,,
READ.PRIMARY,NIU,2021,80.97,,
READ.PRIMARY,NLD,2001,99.2273959963544,,
READ.PRIMARY,NLD,2006,99.44050795278181,,
READ.PRIMARY,NLD,2011,99.5501695558643,,
READ.PRIMARY,NLD,2016,98.69015716532473,,
READ.PRIMARY,NLD,2021,96.44555200692807,,
READ.PRIMARY,NZL,2001,89.9839770961372,,
READ.PRIMARY,NZL,2006,92.0728836966224,,
READ.PRIMARY,NZL,2011,91.69385774556144,,
READ.PRIMARY,NZL,2016,89.97345134702579,,
READ.PRIMARY,NZL,2021,89.87754941986856,,
READ.PRIMARY,OMN,2011,47.4215942103129,,
READ.PRIMARY,OMN,2016,59.06261937534895,,
READ.PRIMARY,OMN,2021,62.20408569608966,,
READ.PRIMARY,PAN,2006,30.32,,
READ.PRIMARY,PAN,2013,21.2,,
READ.PRIMARY,PAN,2019,17.5,,
READ.PRIMARY,PER,2006,32.03,,
READ.PRIMARY,PER,2013,31.3,,
READ.PRIMARY,PER,2019,49,,
READ.PRIMARY,PHL,2019,10,,
READ.PRIMARY,PLW,2021,93.54,,
READ.PRIMARY,PNG,2021,48.41,,
READ.PRIMARY,POL,2006,93.03615072538253,,
READ.PRIMARY,POL,2011,94.58391202952724,,
READ.PRIMARY,POL,2016,98.00745777220997,,
READ.PRIMARY,POL,2021,97.2101671001687,,
READ.PRIMARY,PRT,2011,97.59369978918814,,
READ.PRIMARY,PRT,2016,97.00729164290519,,
READ.PRIMARY,PRT,2021,94.17757598880745,,
READ.PRIMARY,PRY,2006,25.83,,
READ.PRIMARY,PRY,2013,15.8,,
READ.PRIMARY,PRY,2019,18.8,,
READ.PRIMARY,QAT,2006,32.79136858283453,,
READ.PRIMARY,QAT,2011,59.66959601519422,,
READ.PRIMARY,QAT,2016,66.1801344388404,,
READ.PRIMARY,QAT,2021,80.39262086887139,,
READ.PRIMARY,ROU,2001,88.39765958154301,,
READ.PRIMARY,ROU,2006,83.94750015528315,,
READ.PRIMARY,ROU,2011,85.92941738256502,,
READ.PRIMARY,RUS,2001,96.19926007963633,,
READ.PRIMARY,RUS,2006,98.43929853180374,,
READ.PRIMARY,RUS,2011,99.04935451637036,,
READ.PRIMARY,RUS,2016,99.10515590722129,,
READ.PRIMARY,RUS,2021,98.36208752509847,,
READ.PRIMARY,SAU,2011,64.9864483020085,,
READ.PRIMARY,SAU,2016,63.33069325769354,,
READ.PRIMARY,SAU,2021,71.07143611741878,,
READ.PRIMARY,SDG: Europe and Northern America,2000,95.22197,UIS_EST,
READ.PRIMARY,SDG: Europe and Northern America,2001,95.30968,UIS_EST,
READ.PRIMARY,SDG: Europe and Northern America,2002,95.39738,UIS_EST,
READ.PRIMARY,SDG: Europe and Northern America,2003,95.48508,UIS_EST,
READ.PRIMARY,SDG: Europe and Northern America,2004,95.57279,UIS_EST,
READ.PRIMARY,SDG: Europe and Northern America,2005,95.6605,UIS_EST,
READ.PRIMARY,SDG: Europe and Northern America,2006,95.74821,UIS_EST,
READ.PRIMARY,SDG: Europe and Northern America,2007,95.83591,UIS_EST,
READ.PRIMARY,SDG: Europe and Northern America,2008,95.92361,UIS_EST,
READ.PRIMARY,SDG: Europe and Northern America,2009,96.01132,UIS_EST,
READ.PRIMARY,SDG: Europe and Northern America,2010,96.09903,UIS_EST,
READ.PRIMARY,SDG: Europe and Northern America,2011,96.18673,UIS_EST,
READ.PRIMARY,SDG: Europe and Northern America,2012,96.27444,UIS_EST,
READ.PRIMARY,SDG: Europe and Northern America,2013,96.36214,UIS_EST,
READ.PRIMARY,SDG: Europe and Northern America,2014,96.44984,UIS_EST,
READ.PRIMARY,SDG: Europe and Northern America,2015,96.53755,UIS_EST,
READ.PRIMARY,SDG: Europe and Northern America,2016,96.62526,UIS_EST,
READ.PRIMARY,SDG: Europe and Northern America,2017,96.71297,UIS_EST,
READ.PRIMARY,SDG: Europe and Northern America,2018,96.80067,UIS_EST,
READ.PRIMARY,SDG: Europe and Northern America,2019,96.88837,UIS_EST,
READ.PRIMARY,SDG: Latin America and the Caribbean,2000,49.76757,UIS_EST,
READ.PRIMARY,SDG: Latin America and the Caribbean,2001,49.38866,UIS_EST,
READ.PRIMARY,SDG: Latin America and the Caribbean,2002,49.00975,UIS_EST,
READ.PRIMARY,SDG: Latin America and the Caribbean,2003,48.63084,UIS_EST,
READ.PRIMARY,SDG: Latin America and the Caribbean,2004,48.25193,UIS_EST,
READ.PRIMARY,SDG: Latin America and the Caribbean,2005,47.87302,UIS_EST,
READ.PRIMARY,SDG: Latin America and the Caribbean,2006,47.49411,UIS_EST,
READ.PRIMARY,SDG: Latin America and the Caribbean,2007,47.1152,UIS_EST,
READ.PRIMARY,SDG: Latin America and the Caribbean,2008,46.73629,UIS_EST,
READ.PRIMARY,SDG: Latin America and the Caribbean,2009,46.35738,UIS_EST,
READ.PRIMARY,SDG: Latin America and the Caribbean,2010,45.97846,UIS_EST,
READ.PRIMARY,SDG: Latin America and the Caribbean,2011,45.59955,UIS_EST,
READ.PRIMARY,SDG: Latin America and the Caribbean,2012,45.22064,UIS_EST,
READ.PRIMARY,SDG: Latin America and the Caribbean,2013,44.84173,UIS_EST,
READ.PRIMARY,SDG: Latin America and the Caribbean,2014,44.46282,UIS_EST,
READ.PRIMARY,SDG: Latin America and the Caribbean,2015,44.08391,UIS_EST,
READ.PRIMARY,SDG: Latin America and the Caribbean,2016,43.705,UIS_EST,
READ.PRIMARY,SDG: Latin America and the Caribbean,2017,43.32609,UIS_EST,
READ.PRIMARY,SDG: Latin America and the Caribbean,2018,42.94718,UIS_EST,
READ.PRIMARY,SDG: Latin America and the Caribbean,2019,42.56827,UIS_EST,
READ.PRIMARY,SDG: Sub-Saharan Africa,2000,33.74089,UIS_EST,
READ.PRIMARY,SDG: Sub-Saharan Africa,2001,33.55625,UIS_EST,
READ.PRIMARY,SDG: Sub-Saharan Africa,2002,33.37162,UIS_EST,
READ.PRIMARY,SDG: Sub-Saharan Africa,2003,33.18699,UIS_EST,
READ.PRIMARY,SDG: Sub-Saharan Africa,2004,33.00235,UIS_EST,
READ.PRIMARY,SDG: Sub-Saharan Africa,2005,32.81771,UIS_EST,
READ.PRIMARY,SDG: Sub-Saharan Africa,2006,32.63308,UIS_EST,
READ.PRIMARY,SDG: Sub-Saharan Africa,2007,32.44845,UIS_EST,
READ.PRIMARY,SDG: Sub-Saharan Africa,2008,32.26381,UIS_EST,
READ.PRIMARY,SDG: Sub-Saharan Africa,2009,32.07918,UIS_EST,
READ.PRIMARY,SDG: Sub-Saharan Africa,2010,31.89455,UIS_EST,
READ.PRIMARY,SDG: Sub-Saharan Africa,2011,31.70991,UIS_EST,
READ.PRIMARY,SDG: Sub-Saharan Africa,2012,31.52528,UIS_EST,
READ.PRIMARY,SDG: Sub-Saharan Africa,2013,31.34064,UIS_EST,
READ.PRIMARY,SDG: Sub-Saharan Africa,2014,31.15601,UIS_EST,
READ.PRIMARY,SDG: Sub-Saharan Africa,2015,30.97138,UIS_EST,
READ.PRIMARY,SDG: Sub-Saharan Africa,2016,30.78674,UIS_EST,
READ.PRIMARY,SDG: Sub-Saharan Africa,2017,30.60211,UIS_EST,
READ.PRIMARY,SDG: Sub-Saharan Africa,2018,30.41747,UIS_EST,
READ.PRIMARY,SDG: Sub-Saharan Africa,2019,30.23284,UIS_EST,
READ.PRIMARY,SDG: World,2000,61.21205,UIS_EST,
READ.PRIMARY,SDG: World,2001,61.04789,UIS_EST,
READ.PRIMARY,SDG: World,2002,60.88374,UIS_EST,
READ.PRIMARY,SDG: World,2003,60.71958,UIS_EST,
READ.PRIMARY,SDG: World,2004,60.55542,UIS_EST,
READ.PRIMARY,SDG: World,2005,60.39126,UIS_EST,
READ.PRIMARY,SDG: World,2006,60.2271,UIS_EST,
READ.PRIMARY,SDG: World,2007,60.06294,UIS_EST,
READ.PRIMARY,SDG: World,2008,59.89878,UIS_EST,
READ.PRIMARY,SDG: World,2009,59.73463,UIS_EST,
READ.PRIMARY,SDG: World,2010,59.57047,UIS_EST,
READ.PRIMARY,SDG: World,2011,59.40631,UIS_EST,
READ.PRIMARY,SDG: World,2012,59.24215,UIS_EST,
READ.PRIMARY,SDG: World,2013,59.07799,UIS_EST,
READ.PRIMARY,SDG: World,2014,58.91383,UIS_EST,
READ.PRIMARY,SDG: World,2015,58.74968,UIS_EST,
READ.PRIMARY,SDG: World,2016,58.58552,UIS_EST,
READ.PRIMARY,SDG: World,2017,58.42136,UIS_EST,
READ.PRIMARY,SDG: World,2018,58.2572,UIS_EST,
READ.PRIMARY,SDG: World,2019,58.09304,UIS_EST,
READ.PRIMARY,SEN,2014,34.8,,
READ.PRIMARY,SEN,2019,41.1,,
READ.PRIMARY,SGP,2001,90.20895992988424,,
READ.PRIMARY,SGP,2006,96.65490372225723,,
READ.PRIMARY,SGP,2011,96.79117009841309,,
READ.PRIMARY,SGP,2016,97.25273026536729,,
READ.PRIMARY,SGP,2021,96.6597646761494,,
READ.PRIMARY,SLB,2021,52.78,,
READ.PRIMARY,SLV,2006,33.53078428420894,,
READ.PRIMARY,SLV,2019,29.4,,
READ.PRIMARY,SRB,2021,92.80258660131291,,
READ.PRIMARY,SVK,2001,93.93098801158027,,
READ.PRIMARY,SVK,2006,94.36112004011123,,
READ.PRIMARY,SVK,2011,95.75281031811048,,
READ.PRIMARY,SVK,2016,93.44577796307192,,
READ.PRIMARY,SVK,2021,93.652180273406,,
READ.PRIMARY,SVN,2001,91.14447374081577,,
READ.PRIMARY,SVN,2006,94.43295946397366,,
READ.PRIMARY,SVN,2011,95.47442888516073,,
READ.PRIMARY,SVN,2016,96.31910214231311,,
READ.PRIMARY,SVN,2021,94.37637994262188,,
READ.PRIMARY,SWE,2001,98.45307726069565,,
READ.PRIMARY,SWE,2006,98.18682401069073,,
READ.PRIMARY,SWE,2011,97.59201405948917,,
READ.PRIMARY,SWE,2016,98.07444871007226,,
READ.PRIMARY,SWE,2021,95.27646000191935,,
READ.PRIMARY,SWZ,2006,72.1,,
READ.PRIMARY,SWZ,2013,84.30000000000001,,
READ.PRIMARY,SYC,2006,67.8,,
READ.PRIMARY,SYC,2013,79.9,,
READ.PRIMARY,TCD,2014,3,,
READ.PRIMARY,TCD,2019,7.6,,
READ.PRIMARY,TGO,2014,15.8,,
READ.PRIMARY,TGO,2019,19.4,,
READ.PRIMARY,TKL,2021,71.79,,
READ.PRIMARY,TON,2021,20.1,,
READ.PRIMARY,TTO,2006,64.38439695686996,,
READ.PRIMARY,TTO,2011,77.99835043855141,,
READ.PRIMARY,TTO,2016,80.33565287631939,,
READ.PRIMARY,TUR,2001,72.31309972938993,,
READ.PRIMARY,TUR,2021,85.89120777207677,,
READ.PRIMARY,TUV,2021,32.09,,
READ.PRIMARY,TZA,2006,77.9,,
READ.PRIMARY,TZA,2013,60.60000000000001,,
READ.PRIMARY,UGA,2006,30.5,,
READ.PRIMARY,UGA,2013,50.49999999999999,,
READ.PRIMARY,URY,2006,59.13,,
READ.PRIMARY,URY,2013,43.5,,
READ.PRIMARY,URY,2019,43.8,,
READ.PRIMARY,USA,2001,93.98629944492104,,
READ.PRIMARY,USA,2006,95.96241111773433,,
READ.PRIMARY,USA,2011,97.51735888988527,,
READ.PRIMARY,USA,2016,96.09407991802209,,
READ.PRIMARY,USA,2021,94.50663865506843,,
READ.PRIMARY,UZB,2021,69.83822466820487,,
READ.PRIMARY,VNM,2019,82,,
READ.PRIMARY,WB: High income (July 2025),2000,91.70484,UIS_EST,
READ.PRIMARY,WB: High income (July 2025),2001,91.76303,UIS_EST,
READ.PRIMARY,WB: High income (July 2025),2002,91.82123,UIS_EST,
READ.PRIMARY,WB: High income (July 2025),2003,91.87943,UIS_EST,
READ.PRIMARY,WB: High income (July 2025),2004,91.93761,UIS_EST,
READ.PRIMARY,WB: High income (July 2025),2005,91.99581,UIS_EST,
READ.PRIMARY,WB: High income (July 2025),2006,92.05401,UIS_EST,
READ.PRIMARY,WB: High income (July 2025),2007,92.1122,UIS_EST,
READ.PRIMARY,WB: High income (July 2025),2008,92.17039,UIS_EST,
READ.PRIMARY,WB: High income (July 2025),2009,92.22859,UIS_EST,
READ.PRIMARY,WB: High income (July 2025),2010,92.28678,UIS_EST,
READ.PRIMARY,WB: High income (July 2025),2011,92.34498,UIS_EST,
READ.PRIMARY,WB: High income (July 2025),2012,92.40318,UIS_EST,
READ.PRIMARY,WB: High income (July 2025),2013,92.46136,UIS_EST,
READ.PRIMARY,WB: High income (July 2025),2014,92.51956,UIS_EST,
READ.PRIMARY,WB: High income (July 2025),2015,92.57776,UIS_EST,
READ.PRIMARY,WB: High income (July 2025),2016,92.63595,UIS_EST,
READ.PRIMARY,WB: High income (July 2025),2017,92.69415,UIS_EST,
READ.PRIMARY,WB: High income (July 2025),2018,92.75234,UIS_EST,
READ.PRIMARY,WB: High income (July 2025),2019,92.81054,UIS_EST,
READ.PRIMARY,WB: Low income (July 2025),2000,23.43474,UIS_EST,
READ.PRIMARY,WB: Low income (July 2025),2001,23.08632,UIS_EST,
READ.PRIMARY,WB: Low income (July 2025),2002,22.73791,UIS_EST,
READ.PRIMARY,WB: Low income (July 2025),2003,22.38949,UIS_EST,
READ.PRIMARY,WB: Low income (July 2025),2004,22.04107,UIS_EST,
READ.PRIMARY,WB: Low income (July 2025),2005,21.69266,UIS_EST,
READ.PRIMARY,WB: Low income (July 2025),2006,21.34424,UIS_EST,
READ.PRIMARY,WB: Low income (July 2025),2007,20.99582,UIS_EST,
READ.PRIMARY,WB: Low income (July 2025),2008,20.64741,UIS_EST,
READ.PRIMARY,WB: Low income (July 2025),2009,20.29899,UIS_EST,
READ.PRIMARY,WB: Low income (July 2025),2010,19.95057,UIS_EST,
READ.PRIMARY,WB: Low income (July 2025),2011,19.60215,UIS_EST,
READ.PRIMARY,WB: Low income (July 2025),2012,19.25374,UIS_EST,
READ.PRIMARY,WB: Low income (July 2025),2013,18.90532,UIS_EST,
READ.PRIMARY,WB: Low income (July 2025),2014,18.5569,UIS_EST,
READ.PRIMARY,WB: Low income (July 2025),2015,18.20848,UIS_EST,
READ.PRIMARY,WB: Low income (July 2025),2016,17.86007,UIS_EST,
READ.PRIMARY,WB: Low income (July 2025),2017,17.51165,UIS_EST,
READ.PRIMARY,WB: Low income (July 2025),2018,17.16323,UIS_EST,
READ.PRIMARY,WB: Low income (July 2025),2019,16.81482,UIS_EST,
READ.PRIMARY,WB: Lower middle income (July 2025),2000,47.58837,UIS_EST,
READ.PRIMARY,WB: Lower middle income (July 2025),2001,47.90697,UIS_EST,
READ.PRIMARY,WB: Lower middle income (July 2025),2002,48.22558,UIS_EST,
READ.PRIMARY,WB: Lower middle income (July 2025),2003,48.54419,UIS_EST,
READ.PRIMARY,WB: Lower middle income (July 2025),2004,48.86279,UIS_EST,
READ.PRIMARY,WB: Lower middle income (July 2025),2005,49.1814,UIS_EST,
READ.PRIMARY,WB: Lower middle income (July 2025),2006,49.5,UIS_EST,
READ.PRIMARY,WB: Lower middle income (July 2025),2007,49.81861,UIS_EST,
READ.PRIMARY,WB: Lower middle income (July 2025),2008,50.13721,UIS_EST,
READ.PRIMARY,WB: Lower middle income (July 2025),2009,50.45582,UIS_EST,
READ.PRIMARY,WB: Lower middle income (July 2025),2010,50.77443,UIS_EST,
READ.PRIMARY,WB: Lower middle income (July 2025),2011,51.09303,UIS_EST,
READ.PRIMARY,WB: Lower middle income (July 2025),2012,51.41164,UIS_EST,
READ.PRIMARY,WB: Lower middle income (July 2025),2013,51.73024,UIS_EST,
READ.PRIMARY,WB: Lower middle income (July 2025),2014,52.04885,UIS_EST,
READ.PRIMARY,WB: Lower middle income (July 2025),2015,52.36745,UIS_EST,
READ.PRIMARY,WB: Lower middle income (July 2025),2016,52.68606,UIS_EST,
READ.PRIMARY,WB: Lower middle income (July 2025),2017,53.00466,UIS_EST,
READ.PRIMARY,WB: Lower middle income (July 2025),2018,53.32327,UIS_EST,
READ.PRIMARY,WB: Lower middle income (July 2025),2019,53.64187,UIS_EST,
READ.PRIMARY,WB: Upper middle income (July 2025),2000,57.19025,UIS_EST,
READ.PRIMARY,WB: Upper middle income (July 2025),2001,56.94038,UIS_EST,
READ.PRIMARY,WB: Upper middle income (July 2025),2002,56.6905,UIS_EST,
READ.PRIMARY,WB: Upper middle income (July 2025),2003,56.44062,UIS_EST,
READ.PRIMARY,WB: Upper middle income (July 2025),2004,56.19075,UIS_EST,
READ.PRIMARY,WB: Upper middle income (July 2025),2005,55.94087,UIS_EST,
READ.PRIMARY,WB: Upper middle income (July 2025),2006,55.691,UIS_EST,
READ.PRIMARY,WB: Upper middle income (July 2025),2007,55.44112,UIS_EST,
READ.PRIMARY,WB: Upper middle income (July 2025),2008,55.19125,UIS_EST,
READ.PRIMARY,WB: Upper middle income (July 2025),2009,54.94137,UIS_EST,
READ.PRIMARY,WB: Upper middle income (July 2025),2010,54.69149,UIS_EST,
READ.PRIMARY,WB: Upper middle income (July 2025),2011,54.44162,UIS_EST,
READ.PRIMARY,WB: Upper middle income (July 2025),2012,54.19174,UIS_EST,
READ.PRIMARY,WB: Upper middle income (July 2025),2013,53.94186,UIS_EST,
READ.PRIMARY,WB: Upper middle income (July 2025),2014,53.69199,UIS_EST,
READ.PRIMARY,WB: Upper middle income (July 2025),2015,53.44211,UIS_EST,
READ.PRIMARY,WB: Upper middle income (July 2025),2016,53.19224,UIS_EST,
READ.PRIMARY,WB: Upper middle income (July 2025),2017,52.94236,UIS_EST,
READ.PRIMARY,WB: Upper middle income (July 2025),2018,52.69249,UIS_EST,
READ.PRIMARY,WB: Upper middle income (July 2025),2019,52.44261,UIS_EST,
READ.PRIMARY,ZAF,2006,37,,
READ.PRIMARY,ZAF,2013,57.2,,
READ.PRIMARY,ZMB,2016,1.8,,
READ.PRIMARY,ZMB,2021,2.3,,
READ.PRIMARY,ZMB,2023,9.7,,
READ.PRIMARY,ZWE,2006,42.2,,
READ.PRIMARY,ZWE,2013,45.4,,